Création;Étiquettes;Étiquettes
24/févr./26 9:54 AM;MD5;
23/févr./26 11:15 AM;Fichier_corrompu;
23/févr./26 6:01 AM;Doublons;
20/févr./26 4:25 PM;Doublons;
20/févr./26 3:13 PM;Doublons;
20/févr./26 2:56 PM;Doublons;Fichier_corrompu
20/févr./26 10:53 AM;Doublons;
20/févr./26 10:17 AM;MD5;
20/févr./26 10:16 AM;Fichier_corrompu;
19/févr./26 5:33 PM;Doublons;
19/févr./26 5:31 PM;Doublons;
19/févr./26 12:42 PM;Fichier_corrompu;
19/févr./26 11:46 AM;Doublons;
19/févr./26 11:20 AM;Doublons;
18/févr./26 3:53 PM;Err_Sync;
18/févr./26 12:32 PM;Fichier_corrompu;
18/févr./26 12:31 PM;Doublons;
17/févr./26 4:58 PM;Fichier_corrompu;
17/févr./26 4:54 PM;MD5;
17/févr./26 3:41 PM;Fichier_corrompu;
17/févr./26 3:08 PM;Fichier_corrompu;
17/févr./26 12:14 PM;Fichier_corrompu;
17/févr./26 11:22 AM;Err_Sync;
17/févr./26 11:17 AM;Doublons;
17/févr./26 11:16 AM;Fichier_corrompu;
17/févr./26 10:05 AM;Fichier_corrompu;
16/févr./26 4:24 PM;Emoji_named_file;
16/févr./26 2:44 PM;Fichier_corrompu;
16/févr./26 12:06 PM;MD5;
16/févr./26 11:48 AM;Emoji_named_file;
16/févr./26 11:43 AM;Emoji_named_file;
16/févr./26 11:42 AM;Emoji_named_file;
16/févr./26 10:50 AM;Doublons;
13/févr./26 5:30 PM;Doublons;
13/févr./26 3:22 PM;Doublons;
13/févr./26 2:10 PM;Fichier_corrompu;
13/févr./26 11:20 AM;Doublons;
13/févr./26 8:57 AM;Doublons;
12/févr./26 5:44 PM;Doublons;
12/févr./26 2:47 PM;Fichier_corrompu;
12/févr./26 12:12 PM;Doublons;
12/févr./26 11:31 AM;Doublons;
12/févr./26 11:15 AM;Doublons;
12/févr./26 11:00 AM;Doublons;
11/févr./26 5:57 PM;Fichier_corrompu;
11/févr./26 4:26 PM;Fichier_corrompu;
11/févr./26 12:29 PM;Doublons;
10/févr./26 10:51 AM;Doublons;
10/févr./26 6:24 AM;Fichier_corrompu;
09/févr./26 5:00 PM;Fichier_corrompu;
09/févr./26 4:58 PM;Doublons;
09/févr./26 4:57 PM;Doublons;
09/févr./26 4:37 PM;Doublons;
09/févr./26 4:36 PM;Doublons;
09/févr./26 4:35 PM;Doublons;
09/févr./26 4:34 PM;Doublons;
09/févr./26 12:19 PM;MD5;
09/févr./26 11:39 AM;Doublons;
06/févr./26 4:23 PM;Doublons;
06/févr./26 2:40 PM;Doublons;
06/févr./26 2:06 PM;Doublons;
06/févr./26 2:05 PM;Fichier_corrompu;
05/févr./26 5:46 PM;Doublons;
05/févr./26 3:02 PM;Doublons;
05/févr./26 3:01 PM;Doublons;
05/févr./26 2:40 PM;Doublons;
05/févr./26 12:42 PM;Err_Sync;
05/févr./26 12:21 PM;Fichier_corrompu;
05/févr./26 11:37 AM;Err_Sync;
05/févr./26 11:19 AM;Doublons;
05/févr./26 11:05 AM;Fichier_corrompu;
05/févr./26 10:59 AM;Emoji_named_file;
05/févr./26 4:49 AM;Doublons;
04/févr./26 2:22 PM;MD5;
04/févr./26 11:26 AM;Fichier_corrompu;MD5
04/févr./26 10:22 AM;Doublons;
04/févr./26 7:52 AM;Doublons;
04/févr./26 7:02 AM;Doublons;
04/févr./26 4:47 AM;Fichier_corrompu;
03/févr./26 5:29 PM;Doublons;
03/févr./26 5:07 PM;Doublons;
03/févr./26 4:52 PM;Fichier_corrompu;
03/févr./26 4:49 PM;Doublons;
03/févr./26 4:40 PM;Emoji_named_file;
03/févr./26 4:40 PM;Emoji_named_file;
03/févr./26 4:39 PM;Emoji_named_file;
03/févr./26 4:38 PM;Emoji_named_file;
03/févr./26 4:38 PM;Emoji_named_file;
03/févr./26 4:37 PM;Emoji_named_file;
03/févr./26 4:36 PM;Emoji_named_file;
03/févr./26 4:35 PM;Emoji_named_file;
03/févr./26 4:35 PM;Emoji_named_file;
03/févr./26 4:34 PM;Emoji_named_file;
03/févr./26 4:33 PM;Emoji_named_file;
03/févr./26 4:33 PM;Emoji_named_file;
03/févr./26 4:32 PM;Fichier_corrompu;
03/févr./26 4:30 PM;Doublons;
03/févr./26 3:01 PM;Fichier_corrompu;
02/févr./26 4:32 PM;MD5;
02/févr./26 4:27 PM;Doublons;
02/févr./26 4:06 PM;Emoji_named_file;
02/févr./26 3:08 PM;Doublons;
02/févr./26 11:52 AM;Fichier_corrompu;
30/janv./26 12:07 PM;Emoji_named_file;
30/janv./26 12:06 PM;Emoji_named_file;
30/janv./26 11:28 AM;MD5;
30/janv./26 10:54 AM;Err_Sync;
29/janv./26 3:24 PM;Emoji_named_file;
29/janv./26 3:21 PM;Fichier_corrompu;
29/janv./26 11:51 AM;Doublons;
29/janv./26 11:49 AM;Fichier_corrompu;
29/janv./26 11:45 AM;Doublons;
29/janv./26 11:24 AM;Fichier_corrompu;
28/janv./26 5:36 PM;Fichier_corrompu;
28/janv./26 5:06 PM;Emoji_named_file;
28/janv./26 2:12 PM;Fichier_corrompu;
28/janv./26 2:08 PM;Err_Sync;
28/janv./26 12:39 PM;Emoji_named_file;
28/janv./26 12:36 PM;Doublons;
28/janv./26 12:09 PM;Doublons;
27/janv./26 5:28 PM;Doublons;
27/janv./26 5:22 PM;Fichier_corrompu;
27/janv./26 4:18 PM;Doublons;
27/janv./26 4:13 PM;Doublons;
27/janv./26 3:52 PM;Doublons;
27/janv./26 3:44 PM;Doublons;
27/janv./26 3:39 PM;Doublons;
27/janv./26 3:35 PM;Doublons;
27/janv./26 3:02 PM;Doublons;
27/janv./26 2:59 PM;Doublons;
27/janv./26 2:11 PM;Doublons;
27/janv./26 12:05 PM;Emoji_named_file;
27/janv./26 11:58 AM;MD5;
27/janv./26 10:07 AM;Doublons;
26/janv./26 5:06 PM;Fichier_corrompu;
26/janv./26 4:53 PM;Doublons;
26/janv./26 4:49 PM;Doublons;
26/janv./26 4:41 PM;Fichier_corrompu;
26/janv./26 12:24 PM;Doublons;
26/janv./26 12:08 PM;MD5;
26/janv./26 11:03 AM;MD5;
23/janv./26 4:19 PM;MD5;
23/janv./26 3:40 PM;MD5;
23/janv./26 3:16 PM;Fichier_corrompu;
23/janv./26 2:28 PM;Doublons;
23/janv./26 2:22 PM;Fichier_corrompu;
23/janv./26 12:10 PM;Doublons;
23/janv./26 12:08 PM;Doublons;
23/janv./26 11:45 AM;Emoji_named_file;
23/janv./26 11:39 AM;Err_Sync;
22/janv./26 6:19 PM;Err_Sync;
22/janv./26 5:10 PM;Fichier_corrompu;
22/janv./26 12:38 PM;Doublons;
22/janv./26 10:52 AM;Doublons;
22/janv./26 4:13 AM;Doublons;
22/janv./26 4:10 AM;Doublons;
21/janv./26 6:19 PM;Doublons;
21/janv./26 4:32 PM;LockID;
21/janv./26 3:47 PM;Doublons;
21/janv./26 10:34 AM;Emoji_named_file;
21/janv./26 10:33 AM;Emoji_named_file;
20/janv./26 6:37 PM;Fichier_corrompu;
20/janv./26 2:50 PM;MD5;
20/janv./26 2:49 PM;MD5;
20/janv./26 12:29 PM;Doublons;
20/janv./26 11:50 AM;Doublons;
20/janv./26 10:11 AM;Doublons;
20/janv./26 5:11 AM;MD5;
19/janv./26 6:25 PM;Fichier_corrompu;
19/janv./26 6:24 PM;Fichier_corrompu;
19/janv./26 6:23 PM;Emoji_named_file;
19/janv./26 6:22 PM;Emoji_named_file;
19/janv./26 6:21 PM;Emoji_named_file;
19/janv./26 5:04 PM;Emoji_named_file;
19/janv./26 3:26 PM;Emoji_named_file;
16/janv./26 5:27 PM;Doublons;
16/janv./26 5:26 PM;Fichier_corrompu;
16/janv./26 5:24 PM;MD5;
16/janv./26 2:57 PM;Doublons;
16/janv./26 11:54 AM;MD5;
16/janv./26 11:27 AM;Fichier_corrompu;
16/janv./26 11:11 AM;Doublons;
15/janv./26 3:39 PM;Doublons;
15/janv./26 2:22 PM;Doublons;
15/janv./26 11:39 AM;Doublons;
15/janv./26 10:44 AM;Emoji_named_file;
14/janv./26 5:41 PM;Doublons;
14/janv./26 5:40 PM;Fichier_corrompu;
14/janv./26 4:20 PM;Fichier_corrompu;
14/janv./26 4:19 PM;Emoji_named_file;
14/janv./26 3:30 PM;Doublons;
14/janv./26 3:06 PM;Err_Sync;Moins_de_fichier
13/janv./26 5:43 PM;Fichier_corrompu;
13/janv./26 5:15 PM;Fichier_corrompu;
13/janv./26 5:09 PM;Fichier_corrompu;
13/janv./26 4:36 PM;Fichier_corrompu;
13/janv./26 3:56 PM;Fichier_corrompu;
13/janv./26 2:46 PM;Fichier_corrompu;
13/janv./26 2:33 PM;MD5;
13/janv./26 2:32 PM;Doublons;
13/janv./26 2:30 PM;Emoji_named_file;
13/janv./26 2:28 PM;Emoji_named_file;
13/janv./26 2:26 PM;Emoji_named_file;
13/janv./26 2:25 PM;Doublons;Fichier_corrompu
13/janv./26 2:23 PM;Emoji_named_file;
13/janv./26 2:11 PM;Fichier_corrompu;
13/janv./26 12:11 PM;Fichier_corrompu;
13/janv./26 11:09 AM;Doublons;
13/janv./26 11:08 AM;Fichier_corrompu;
13/janv./26 11:08 AM;Fichier_corrompu;
13/janv./26 11:05 AM;Doublons;
13/janv./26 11:04 AM;Doublons;
13/janv./26 10:51 AM;Fichier_corrompu;
13/janv./26 10:49 AM;Doublons;
13/janv./26 7:57 AM;Fichier_corrompu;
12/janv./26 6:39 PM;MD5;
12/janv./26 4:52 PM;Emoji_named_file;
12/janv./26 4:04 PM;Err_Sync;
12/janv./26 2:24 PM;Fichier_corrompu;
12/janv./26 2:23 PM;Doublons;
12/janv./26 2:22 PM;Doublons;
12/janv./26 12:52 PM;Emoji_named_file;
12/janv./26 10:30 AM;MD5;
09/janv./26 4:52 PM;Doublons;
09/janv./26 4:46 PM;Err_Sync;
09/janv./26 4:22 PM;Fichier_corrompu;
09/janv./26 3:39 PM;Doublons;
09/janv./26 12:13 PM;MD5;
09/janv./26 11:20 AM;Dif_de_format;Doublons
09/janv./26 11:17 AM;Err_Sync;
09/janv./26 10:04 AM;Doublons;
09/janv./26 10:03 AM;Doublons;
08/janv./26 5:17 PM;Err_Sync;
08/janv./26 2:04 PM;Doublons;
07/janv./26 5:55 PM;Fichier_corrompu;
07/janv./26 5:42 PM;Doublons;
07/janv./26 4:39 PM;MD5;
07/janv./26 3:57 PM;Fichier_corrompu;
07/janv./26 3:51 PM;MD5;
07/janv./26 3:42 PM;Doublons;
07/janv./26 3:36 PM;Doublons;
07/janv./26 3:34 PM;Doublons;
07/janv./26 12:25 PM;MD5;
07/janv./26 12:15 PM;Err_Sync;
07/janv./26 11:10 AM;Doublons;
06/janv./26 4:00 PM;Doublons;
06/janv./26 2:13 PM;LockID;
06/janv./26 12:04 PM;MD5;
06/janv./26 12:02 PM;MD5;
05/janv./26 5:42 PM;MD5;
05/janv./26 5:01 PM;MD5;
05/janv./26 4:59 PM;Doublons;
05/janv./26 4:58 PM;Doublons;
05/janv./26 4:57 PM;Doublons;
05/janv./26 3:05 PM;Fichier_corrompu;
05/janv./26 2:18 PM;Doublons;
05/janv./26 2:07 PM;Emoji_named_file;
05/janv./26 2:02 PM;Doublons;
05/janv./26 11:12 AM;MD5;
05/janv./26 11:01 AM;Emoji_named_file;
05/janv./26 10:51 AM;Doublons;
05/janv./26 10:28 AM;Err_Sync;
02/janv./26 12:25 PM;Doublons;
02/janv./26 11:21 AM;Doublons;
31/déc./25 5:47 PM;Fichier_corrompu;
31/déc./25 5:45 PM;Doublons;
31/déc./25 2:22 PM;Doublons;
31/déc./25 11:58 AM;MD5;
30/déc./25 6:21 PM;Fichier_corrompu;
30/déc./25 4:23 PM;Fichier_corrompu;
29/déc./25 7:20 PM;MD5;
29/déc./25 5:12 PM;Doublons;
29/déc./25 4:59 PM;Fichier_corrompu;
29/déc./25 4:23 PM;Doublons;
29/déc./25 3:57 PM;Doublons;
29/déc./25 2:11 PM;Doublons;
26/déc./25 5:17 PM;Fichier_corrompu;
26/déc./25 5:13 PM;Fichier_corrompu;
26/déc./25 3:37 PM;Fichier_corrompu;
26/déc./25 3:36 PM;Doublons;
26/déc./25 2:32 PM;Emoji_named_file;
26/déc./25 2:10 PM;Doublons;
26/déc./25 2:08 PM;Doublons;
26/déc./25 1:09 PM;Doublons;
26/déc./25 12:54 PM;MD5;